{"schemaVersion":"1.0","appDefinitionTemplate":{"id":"/providers/Microsoft.PowerApps/apps/","type":"Microsoft.PowerApps/apps","tags":{"primaryDeviceWidth":"1366","primaryDeviceHeight":"768","supportsPortrait":"true","supportsLandscape":"true","primaryFormFactor":"Tablet","publisherVersion":"3.22044.29","minimumRequiredApiVersion":"2.2.0","hasComponent":"false","hasUnlockedComponent":"false","isUnifiedRootApp":"false","sienaVersion":"20220506T094046Z-3.22044.29.0"},"properties":{"appVersion":"2022-05-06T09:40:46Z","lifeCycleId":"Published","createdByClientVersion":{"major":3,"minor":22044,"build":29,"revision":0,"majorRevision":0,"minorRevision":0},"minClientVersion":{"major":3,"minor":22044,"build":29,"revision":0,"majorRevision":0,"minorRevision":0},"backgroundColor":"rgba(0, 176, 240, 1)","backgroundImageUri":"/10727345167259223001/Nc51f249a-b4b1-4c5b-aa31-2f8e6c14af0f-logoSmallFile","displayName":"Who's who","description":"","commitMessage":"","appUris":{"documentUri":{"value":"/10727345167259223001/Nfc8204b1-6a26-4242-b161-65a751124e45-document.msapp"},"imageUris":[]},"createdTime":"0001-01-01T00:00:00Z","lastModifiedTime":"0001-01-01T00:00:00Z","sharedGroupsCount":0,"sharedUsersCount":0,"icons":{"smallIconUri":"/10727345167259223001/N536c3e45-35cb-4dc1-89b6-ef1d2cd76e96-small.png","mediumIconUri":"/10727345167259223001/N99f7d4ec-a83b-4c72-8f99-2c35549e73d9-medium.png","largeIconUri":"/10727345167259223001/N7ee1ffbe-88cc-4bff-a91f-925c7fbdf925-large.png","wideIconUri":"/10727345167259223001/N2b707a60-9e90-4a33-aa86-fe6e22ab82d5-wide.png"},"connectionReferences":{"a6388828-ab38-418a-878d-70416de68bdd":{"id":"5b6f12f7-909b-4c2b-99e3-ca0396192f77","displayName":"Office 365 Users","iconUri":"https://connectoricons-prod.azureedge.net/releases/v1.0.1573/1.0.1573.2770/office365users/icon.png","dataSources":["Office365Users"],"dependencies":[],"dependents":[],"parameterHints":{},"parameterHintsV2":{},"isOnPremiseConnection":false,"bypassConsent":false,"dataSets":{},"apiTier":"Standard","isCustomApiConnection":false,"actions":["SearchUser","UserPhoto_V2"]}},"databaseReferences":{},"almMode":"Environment","performanceOptimizationEnabled":true,"canConsumeAppPass":true,"executionRestrictions":{"isTeamsOnly":false,"dataLossPreventionEvaluationResult":{"status":"Compliant","lastEvaluationDate":"2022-05-04T16:00:53.7343521Z","violations":[],"violationsByPolicy":[],"violationErrorMessage":"The app uses the following connectors: shared_office365users."}}},"appType":"ClassicCanvasApp","appComponents":[]}}